Index_name,Longitude,Latitude,Store1,Store2,Store3,Store4,Store5,Store6,Store7,Store8,Store9,Store10
0,-87.706845,41.955346,2029.38,1251.1,1448.16,856.82,448.94,587.74,1117.05,988.3,1535.58,1548.27
1,-87.716691,41.95676,2144.49,1366.21,1563.27,1042.39,450.4,379.02,1168.53,891.26,1587.06,1442.82
2,-87.71465699999999,41.953788,2061.18,1282.9,1479.95,940.36,367.09,474.28,1197.16,919.89,1615.69,1471.46
3,-87.706585,41.955755,2047.21,1268.92,1465.98,860.44,484.84,560.91,1052.55,923.8,1471.08,1483.77
4,-87.71678,41.959959000000005,2222.87,1444.58,1641.64,1120.49,528.78,320.8,1110.31,833.04,1528.84,1384.61
5,-87.71279799999999,41.950602,1975.43,1197.14,1394.2,887.04,281.34,470.9,1231.87,954.6,1650.4,1506.17
6,-87.70643000000001,41.959382,2109.87,1331.59,1528.65,922.84,547.31,491.21,982.85,854.1,1401.37,1414.07
7,-87.706977,41.959648,2107.68,1329.39,1526.45,935.09,527.17,503.46,995.1,866.35,1413.62,1426.32
8,-87.705632,41.955499,2039.02,1260.73,1457.8,852.25,510.73,552.73,1044.36,915.62,1462.89,1475.59
9,-87.709162,41.950705,1955.16,1176.88,1373.94,806.32,331.82,521.38,1180.92,1052.17,1599.44,1612.14
10,-87.715461,41.956878,2104.42,1326.13,1523.19,1002.63,410.33,438.64,1194.63,917.36,1613.16,1468.93
11,-87.714229,41.956862,2129.09,1350.8,1547.86,1007.8,435.0,411.0,1133.89,856.62,1552.41,1408.18
12,-87.706942,41.958367,2084.36,1306.08,1503.14,911.8,503.86,512.71,1070.88,942.13,1489.41,1502.1
13,-87.698975,41.96125,2087.33,1309.05,1506.11,854.68,677.72,518.02,867.84,836.52,1286.36,1396.48
14,-87.711577,41.950478,2032.48,1254.19,1451.25,892.8,385.56,560.57,1217.3,973.91,1635.82,1648.52
15,-87.710332,41.949214000000005,1935.42,1157.13,1354.19,795.81,309.15,544.84,1252.7,1123.95,1671.22,1683.92
16,-87.711743,41.954832,2054.98,1276.69,1473.75,915.3,408.06,571.22,1194.9,1066.16,1613.43,1626.13
17,-87.71400799999999,41.948835,2000.26,1221.97,1419.04,911.87,303.62,472.28,1280.01,1002.74,1698.53,1554.3
18,-87.707926,41.950478,1943.66,1165.37,1362.43,785.14,343.95,610.6,1168.77,1040.02,1587.29,1599.99
19,-87.716626,41.954495,2119.48,1341.2,1538.26,1017.69,425.39,420.24,1209.75,932.48,1628.28,1484.05
20,-87.71047800000001,41.956162,2063.57,1285.28,1482.34,923.89,416.65,491.21,1135.71,904.55,1554.23,1566.93
21,-87.712949,41.955223,2059.53,1281.24,1478.3,938.71,365.44,457.17,1147.77,870.5,1566.3,1422.07
22,-87.712887,41.952958,2018.31,1240.03,1437.09,897.49,324.22,498.39,1188.99,911.72,1607.52,1463.28
23,-87.70576700000001,41.959951,2160.31,1382.02,1579.08,973.27,594.9,471.7,963.34,834.6,1381.87,1394.56
24,-87.711662,41.953489000000005,2042.17,1263.88,1460.94,902.49,366.47,505.78,1196.38,919.11,1614.91,1470.68
25,-87.715547,41.959618,2154.29,1376.0,1573.06,1051.91,460.2,355.69,1111.9,834.63,1530.42,1386.19
26,-87.70980899999999,41.947298,1897.65,1119.36,1316.42,809.26,289.49,525.18,1266.14,1032.39,1684.67,1697.36
27,-87.708768,41.958154,2135.78,1357.49,1554.56,965.77,488.86,504.71,1062.88,934.13,1481.4,1494.1
28,-87.710588,41.9534,2015.27,1236.98,1434.04,875.59,368.35,540.05,1172.58,953.39,1591.11,1603.8
29,-87.71534799999999,41.952940000000005,2032.75,1254.46,1451.53,930.96,338.66,451.44,1255.86,978.59,1674.39,1530.15
30,-87.715484,41.957576,2117.12,1338.84,1535.9,1015.02,423.03,385.01,1141.1,863.83,1559.63,1415.4
31,-87.710909,41.958451,2107.63,1329.34,1526.41,967.71,460.71,469.25,1126.3,882.58,1544.83,1557.53
32,-87.712383,41.959335,2143.44,1365.16,1562.21,1003.28,496.52,471.83,1063.58,934.83,1482.1,1494.8
33,-87.711927,41.952056,2007.84,1229.55,1426.61,868.16,360.92,535.93,1192.66,949.27,1611.18,1623.88
34,-87.709176,41.951215000000005,1964.44,1186.16,1383.22,815.6,341.11,580.41,1171.64,1042.89,1590.16,1602.86
35,-87.708163,41.950496,1969.1,1190.81,1387.88,797.37,345.76,535.32,1178.39,1049.64,1596.91,1609.61
36,-87.715446,41.956432,2096.3,1318.02,1515.07,994.51,402.21,430.53,1186.51,909.24,1605.04,1460.81
37,-87.708564,41.950934,1981.63,1203.34,1400.4,827.86,358.29,622.34,1180.51,1051.76,1599.03,1611.73
38,-87.712817,41.958424,2133.45,1355.17,1552.23,993.53,486.54,495.07,1152.12,908.41,1570.65,1583.35
39,-87.709393,41.958747,2133.03,1354.74,1551.81,974.22,533.33,442.76,1034.51,905.76,1453.04,1465.73
40,-87.71417199999999,41.955084,2095.41,1317.12,1514.18,974.59,401.32,443.36,1166.25,888.98,1584.77,1440.54
41,-87.708097,41.956589,2054.86,1276.58,1473.64,896.05,455.16,499.39,1057.56,928.81,1476.08,1488.78
42,-87.711738,41.955736,2084.9,1306.61,1503.67,964.08,390.81,465.15,1155.76,878.49,1574.28,1430.05
43,-87.709452,41.960796,2167.93,1389.64,1586.7,1009.11,529.55,405.47,997.22,868.47,1415.74,1428.44
44,-87.711108,41.956643,2078.12,1299.84,1496.9,938.2,431.21,505.77,1096.79,968.05,1515.32,1528.02
45,-87.70496,41.954008,2011.81,1233.53,1430.59,825.12,449.24,588.45,1080.09,951.35,1498.62,1511.31
46,-87.713066,41.958783,2124.32,1346.04,1543.1,1003.04,430.23,392.38,1082.98,805.71,1501.51,1357.27
47,-87.712788,41.949654,1958.18,1179.9,1376.96,869.8,264.09,474.18,1249.12,971.85,1667.65,1523.41
48,-87.709127,41.953411,2007.16,1228.87,1425.93,857.97,383.82,543.92,1149.1,1020.35,1567.62,1580.32
49,-87.70676,41.952625,1979.86,1201.58,1398.64,807.3,399.42,606.65,1131.49,1002.75,1550.02,1562.71
50,-87.706815,41.954534,2014.6,1236.32,1433.38,842.04,434.16,572.97,1102.27,973.53,1520.8,1533.49
51,-87.705699,41.960752,2143.09,1364.8,1561.86,956.05,583.01,459.81,951.45,822.71,1369.98,1382.67
52,-87.71553399999999,41.959093,2144.73,1366.45,1563.51,1042.63,450.64,412.62,1168.71,891.44,1587.24,1443.01
53,-87.704543,41.960543,2104.73,1326.44,1523.5,917.69,576.43,585.38,978.15,923.22,1396.68,1483.19
54,-87.708037,41.954544,2017.65,1239.36,1436.42,858.85,417.95,536.6,1094.77,966.03,1513.3,1526.0
55,-87.705176,41.957579,2093.39,1315.1,1512.16,920.82,512.89,521.95,1013.59,884.84,1432.12,1444.81
56,-87.714026,41.949947,1980.03,1201.74,1398.8,891.64,285.94,452.05,1259.77,982.5,1678.3,1534.07
57,-87.713901,41.953906,2058.77,1280.49,1477.55,937.95,364.68,468.07,1190.95,913.68,1609.48,1465.24
58,-87.708268,41.959188,2103.67,1325.38,1522.44,944.85,503.96,453.57,1011.74,883.0,1430.27,1442.96
59,-87.712024,41.953822,2040.75,1262.46,1459.53,901.07,365.06,504.36,1194.96,917.7,1613.49,1469.26
60,-87.705678,41.957147,2094.17,1315.89,1512.95,921.61,513.67,522.73,1014.37,885.63,1432.9,1445.6
61,-87.71621800000001,41.953878,2072.25,1293.96,1491.03,970.46,378.16,436.97,1226.48,949.21,1645.01,1500.78
62,-87.708831,41.957557,2110.79,1332.51,1529.57,970.87,463.88,471.69,1063.44,934.7,1481.97,1494.66
63,-87.706997,41.960381,2121.02,1342.73,1539.79,948.43,540.51,516.8,1008.44,879.69,1426.96,1439.66
64,-87.70926700000001,41.954703,2089.28,1311.0,1508.06,919.25,442.37,516.93,1127.83,999.08,1546.35,1559.05
65,-87.711642,41.952788,2057.77,1279.48,1476.54,918.09,378.58,518.53,1209.14,931.87,1627.67,1483.43
66,-87.715408,41.955196,2073.8,1295.52,1492.58,972.01,379.71,476.35,1232.64,955.37,1651.16,1506.93
67,-87.71621800000001,41.959279,2157.56,1379.27,1576.33,1055.18,463.47,340.61,1130.12,852.85,1548.65,1404.42
68,-87.70798,41.952613,1982.51,1204.22,1401.28,823.71,382.8,571.75,1129.92,1001.17,1548.44,1561.14
69,-87.70573,41.958759,2112.06,1333.78,1530.84,925.03,583.77,493.4,985.04,856.29,1403.56,1416.26
70,-87.713815,41.96112,2179.97,1401.68,1598.74,1058.51,485.88,341.1,1049.33,772.06,1467.86,1323.63
71,-87.704465,41.958054,2059.43,1281.14,1478.2,872.66,531.13,540.21,1031.85,903.11,1450.38,1463.07
72,-87.71159399999999,41.9511,2021.16,1242.87,1439.93,881.48,374.24,549.25,1205.98,962.59,1624.5,1637.2
73,-87.706242,41.957569,2078.96,1300.68,1497.74,906.4,498.46,507.31,1032.02,903.27,1450.55,1463.24
74,-87.71673,41.958003000000005,2179.76,1401.47,1598.53,1077.66,485.67,356.39,1145.91,868.64,1564.43,1420.2
75,-87.715326,41.952207,2019.41,1241.13,1438.19,917.62,325.32,438.1,1242.52,965.25,1661.05,1516.81
76,-87.711223,41.959346,2127.75,1349.46,1546.52,987.59,480.83,456.13,1047.88,919.13,1466.41,1479.1
77,-87.707583,41.952121000000005,1981.93,1203.65,1400.71,809.37,378.85,586.08,1144.25,1015.51,1562.78,1575.47
78,-87.70948,41.957548,2102.01,1323.72,1520.79,962.09,455.1,463.63,1110.9,876.96,1529.42,1542.12
79,-87.710636,41.959171000000005,2116.63,1338.34,1535.4,976.71,469.71,468.4,1159.01,881.74,1577.53,1433.3
80,-87.71203100000001,41.956637,2090.61,1312.32,1509.39,950.69,443.7,518.26,1109.28,980.54,1527.81,1540.51
81,-87.712939,41.95479,2051.65,1273.36,1470.42,930.83,357.56,465.05,1155.65,878.38,1574.18,1429.95
82,-87.716676,41.956222,2154.28,1376.0,1573.06,1052.18,460.19,388.81,1178.32,901.05,1596.85,1452.61
83,-87.710595,41.953961,2052.74,1274.46,1471.52,913.06,373.0,512.31,1202.91,925.64,1621.44,1477.21
84,-87.710302,41.947735,1908.51,1130.22,1327.28,820.12,282.24,517.93,1277.0,1025.14,1695.53,1576.7
85,-87.716654,41.955444,2102.21,1323.93,1520.99,1000.42,408.12,402.97,1192.48,915.21,1611.01,1466.77
86,-87.70358399999999,41.961229,2136.33,1358.05,1555.11,916.75,608.04,478.8,910.68,855.76,1329.21,1415.72
87,-87.710662,41.960079,2133.15,1354.87,1551.93,992.99,486.24,452.08,1053.29,924.54,1471.81,1484.51
88,-87.714326,41.959847,2210.95,1432.67,1629.72,1089.49,516.86,356.78,1079.56,802.29,1498.08,1353.85
89,-87.710542,41.956268,2063.79,1285.51,1482.57,924.11,416.88,491.44,1139.3,904.78,1557.83,1570.52
90,-87.709824,41.955718,2063.5,1285.21,1482.27,923.82,416.58,491.15,1181.75,904.48,1600.28,1456.05
91,-87.71311700000001,41.960386,2153.5,1375.21,1572.27,1032.04,459.41,363.2,1053.81,776.54,1472.33,1328.1
92,-87.710432,41.95262,1997.41,1219.12,1416.18,857.72,350.49,590.99,1182.22,1053.48,1600.75,1613.45
93,-87.710039,41.950255,1958.73,1180.45,1377.51,819.13,311.82,501.37,1242.51,999.04,1661.04,1673.74
94,-87.714282,41.958448,2166.49,1388.2,1585.27,1045.03,472.4,382.14,1105.02,827.75,1523.55,1379.31
95,-87.70559899999999,41.954371,2031.1,1252.81,1449.87,844.4,468.17,573.26,1064.89,936.15,1483.42,1496.12
96,-87.710817,41.955749,2097.36,1319.08,1516.14,976.54,403.27,477.62,1168.22,890.95,1586.75,1442.52
97,-87.706882,41.956423,2048.99,1270.7,1467.76,876.42,468.54,576.9,1068.54,939.79,1487.07,1499.76
98,-87.714084,41.952642,2073.86,1295.57,1492.63,953.04,379.77,487.84,1210.73,933.46,1629.25,1485.02
99,-87.709088,41.948022,1906.33,1128.05,1325.11,772.72,318.96,554.35,1229.61,1100.86,1648.13,1660.83
100,-87.711968,41.960243,2166.07,1387.78,1584.84,1044.61,471.98,381.6,1072.2,794.93,1490.73,1346.49
101,-87.713901,41.953906,2058.77,1280.49,1477.55,937.95,364.68,468.07,1190.95,913.68,1609.48,1465.24
102,-87.714058,41.951543,2026.65,1248.36,1445.42,905.83,332.56,507.84,1230.73,953.46,1649.25,1505.02
103,-87.711602,41.951422,2015.3,1237.01,1434.07,875.62,368.38,543.39,1200.12,956.73,1618.64,1631.34
104,-87.706901,41.95701,2059.67,1281.38,1478.44,887.1,479.23,587.58,1079.22,950.48,1497.75,1510.44
105,-87.710482,41.954468,2031.04,1252.75,1449.81,891.35,384.12,547.28,1170.96,1042.21,1589.48,1602.18
106,-87.711842,41.957538,2117.2,1338.91,1535.97,995.91,423.11,431.58,1122.18,844.91,1540.71,1396.48
107,-87.70449,41.958803,2073.06,1294.77,1491.83,886.29,544.76,553.85,1045.48,916.74,1464.01,1476.71
108,-87.71110300000001,41.952061,1996.69,1218.4,1415.46,857.01,349.77,590.27,1181.51,1052.76,1600.03,1612.73
109,-87.70451899999999,41.959705,2089.47,1311.19,1508.25,902.44,561.18,570.13,962.9,907.97,1381.43,1467.94
110,-87.69601899999999,41.96127,2116.68,1338.39,1456.44,814.89,707.29,532.57,808.71,851.06,1227.24,1411.03
111,-87.710349,41.949838,1946.78,1168.49,1365.55,807.17,320.51,556.2,1264.05,1135.31,1682.58,1695.28
112,-87.71039,41.951157,1970.78,1192.49,1389.55,831.17,323.86,513.42,1254.56,1011.09,1673.09,1685.78
113,-87.706755,41.952431,1976.33,1198.05,1395.11,803.77,395.89,603.12,1127.96,999.22,1546.49,1559.19
114,-87.715362,41.953424,2041.56,1263.27,1460.33,939.77,347.47,480.3,1237.48,960.22,1656.01,1511.78
115,-87.710497,41.955146,2043.37,1265.09,1462.15,903.69,396.46,559.61,1183.3,1054.55,1601.82,1614.52
116,-87.704871,41.955763,2024.01,1245.73,1442.79,837.24,495.72,636.79,1029.56,974.63,1448.09,1534.6
117,-87.71285300000001,41.951731,1995.98,1217.7,1414.76,886.36,301.89,520.72,1211.32,934.05,1629.85,1485.61
118,-87.663252,41.923125,1188.93,679.08,548.85,325.38,974.17,1676.02,1125.33,1976.59,1609.99,2536.56
119,-87.662702,41.921629,1168.39,658.54,514.84,359.4,953.63,1365.19,1159.35,1877.16,1644.01,2437.13
120,-87.65864599999999,41.930541,1301.38,826.58,617.12,257.2,1075.36,1558.22,1007.53,1858.79,1492.19,2418.76
121,-87.660261,41.927086,1262.54,787.74,578.28,296.08,1087.66,1644.03,1093.34,1944.6,1578.0,2504.57
122,-87.666713,41.928791,1333.25,804.26,693.17,199.86,883.02,1615.67,1064.98,1916.24,1549.64,2476.21
123,-87.65983,41.93007,1309.49,834.69,625.23,249.22,1067.38,1582.79,1032.1,1883.36,1516.76,2443.33
124,-87.660872,41.924886,1231.84,743.67,547.58,348.17,1038.75,1450.32,1194.79,2046.05,1679.45,2606.02
125,-87.665908,41.929834,1340.17,811.18,700.08,170.02,988.0,1585.82,1035.13,1886.39,1519.79,2446.36
126,-87.663399,41.927606,1270.49,760.64,630.4,243.83,1055.72,1594.47,1043.78,1895.04,1528.44,2455.01
127,-87.661578,41.932512,1376.96,876.24,692.7,193.58,1011.74,1544.19,993.5,1844.76,1478.16,2404.73
128,-87.665104,41.932448,1380.23,870.42,739.93,134.47,952.46,1526.8,976.11,1827.37,1460.77,2387.34
129,-87.663229,41.922542,1178.32,668.47,538.24,335.99,963.56,1375.12,1135.94,1987.2,1620.6,2547.17
130,-87.66586099999999,41.931004,1367.18,838.19,727.1,158.53,976.52,1574.34,1023.65,1874.91,1508.31,2434.88
131,-87.661301,41.928892,1308.95,812.45,624.69,249.73,956.29,1600.34,1049.65,1900.91,1534.31,2460.88
132,-87.660723,41.93071,1333.07,853.76,648.81,225.55,1043.72,1576.16,1025.47,1876.73,1510.13,2436.7
133,-87.658562,41.928294,1260.48,785.68,576.22,298.1,1004.76,1599.12,1048.43,1899.69,1533.09,2459.66
134,-87.663514,41.931254,1336.88,827.03,696.58,177.47,995.63,1528.08,977.39,1828.65,1462.05,2388.62
135,-87.663423,41.928294,1283.01,773.16,642.92,231.34,937.7,1581.95,1031.26,1882.52,1515.92,2442.49
136,-87.659254,41.927099,1248.91,774.11,564.65,309.72,1101.3,1630.4,1079.71,1930.97,1564.37,2490.94
137,-87.657161,41.930771,1314.48,850.39,600.82,273.74,1091.9,1574.76,1024.07,1875.33,1508.73,2435.3
138,-87.659477,41.930734,1316.2,841.4,631.94,242.42,1060.59,1565.77,1015.08,1866.34,1499.74,2426.31
139,-87.66303,41.923881,1210.08,700.23,570.0,319.1,995.32,1669.74,1119.05,1970.31,1603.71,2530.28
140,-87.659911,41.930722,1322.08,847.28,637.81,236.55,1054.71,1571.64,1020.95,1872.21,1505.61,2432.18
141,-87.659806,41.929375,1296.84,822.04,612.58,261.87,1080.03,1595.44,1044.75,1896.01,1529.41,2455.98
142,-87.65863,41.930111,1293.56,818.76,609.29,265.02,1083.19,1566.05,1015.36,1866.62,1500.02,2426.59
143,-87.658591,41.928929,1272.05,797.24,587.78,286.54,993.2,1587.56,1036.87,1888.13,1521.53,2448.1
144,-87.663471,41.929817,1310.73,800.88,670.63,203.62,1021.78,1554.23,1003.54,1854.8,1488.2,2414.77
145,-87.662062,41.924185,1266.76,756.91,589.81,326.05,1052.0,1676.69,1126.0,1977.27,1610.67,2537.23
146,-87.662402,41.932501,1376.12,866.27,703.22,170.7,988.86,1521.31,970.61,1821.88,1455.28,2381.84
147,-87.663291,41.924202,1208.54,698.69,568.45,305.78,993.77,1656.42,1105.73,1956.99,1590.39,2516.96
148,-87.66497700000001,41.929187,1326.65,816.8,686.56,204.01,1021.99,1604.9,1054.2,1905.47,1538.87,2465.44
149,-87.656185,41.929778000000006,1283.41,844.69,569.75,304.8,1122.96,1605.82,1055.13,1906.39,1539.79,2466.36
150,-87.659894,41.931794,1340.79,865.99,656.53,217.79,1035.95,1551.33,1000.64,1851.9,1485.3,2411.87
151,-87.659913,41.932342,1350.76,875.96,666.5,207.82,1025.98,1541.36,990.67,1841.93,1475.33,2401.9
152,-87.665689,41.930893,1363.92,834.93,723.84,155.27,973.26,1571.08,1020.39,1871.65,1505.05,2431.62
153,-87.660007,41.928221,1278.99,804.19,594.73,318.63,1025.29,1619.65,1068.96,1920.22,1553.62,2480.19
154,-87.662461,41.926607,1284.62,774.77,619.5,278.61,1069.85,1629.25,1078.56,1929.82,1563.22,2489.79
155,-87.66413,41.930398,1333.74,823.89,693.64,206.85,1025.01,1557.46,1006.77,1858.03,1491.43,2418.0
156,-87.659796,41.929092,1291.69,816.89,607.42,267.02,979.82,1600.59,1049.9,1901.16,1534.56,2461.13
157,-87.66051,41.925696,1251.69,763.52,567.43,360.85,1058.6,1711.45,1160.76,2012.02,1645.42,2571.99
158,-87.662323,41.93169,1360.81,850.96,687.91,186.01,1004.17,1536.62,985.93,1837.19,1470.59,2397.16
159,-87.66492,41.930632,1383.27,854.28,743.19,174.63,992.61,1564.46,1013.77,1865.03,1498.43,2425.0
160,-87.66397099999999,41.931376,1373.34,863.49,733.04,171.65,989.63,1568.67,1017.98,1869.24,1502.64,2429.21
161,-87.66550500000001,41.930698,1371.9,842.91,731.81,163.25,981.23,1579.05,1028.36,1879.63,1513.02,2439.59
162,-87.658541,41.927587,1247.62,772.82,563.36,310.96,1119.71,1611.99,1061.3,1912.56,1545.96,2472.52
163,-87.658664,41.931204,1313.45,838.65,629.18,245.13,1063.3,1546.16,995.47,1846.73,1480.13,2406.7
164,-87.663529,41.931691,1344.83,834.98,704.53,169.52,987.68,1520.12,969.43,1820.69,1454.09,2380.66
165,-87.666359,41.93143,1411.38,882.39,771.3,162.16,980.15,1577.96,1027.27,1878.54,1511.93,2438.5
166,-87.657555,41.928951,1286.23,811.43,574.08,300.35,1007.01,1601.37,1050.68,1901.94,1535.34,2461.91
167,-87.66239,41.925231,1239.67,729.82,574.64,300.01,1024.91,1650.65,1099.96,1951.22,1584.62,2511.19
168,-87.663942,41.930942,1347.91,838.06,707.62,192.64,1010.8,1543.25,992.56,1843.82,1477.22,2403.79
169,-87.667449,41.928784,1343.21,814.22,703.13,209.83,873.06,1551.26,1074.94,1851.83,1559.6,2411.79
170,-87.662309,41.931104,1350.15,840.3,677.25,211.87,1030.03,1562.47,1011.78,1863.04,1496.44,2423.01
171,-87.65904,41.928234,1265.9,791.1,581.64,305.54,1012.2,1606.56,1055.87,1907.13,1540.53,2467.1
172,-87.66451500000001,41.927931,1291.46,781.61,651.38,222.85,928.95,1603.39,1052.7,1903.96,1537.36,2463.93
173,-87.663478,41.93026,1318.79,808.94,678.69,195.56,1013.72,1546.17,995.48,1846.74,1480.14,2406.71
174,-87.662257,41.929778000000006,1326.13,816.28,653.11,220.94,1039.1,1571.55,1020.85,1872.12,1505.52,2432.08
175,-87.663366,41.926503,1250.41,740.56,610.33,263.9,1035.65,1614.54,1063.85,1915.11,1548.51,2475.08
176,-87.662834,41.932494,1368.89,859.04,709.07,164.85,983.01,1515.46,964.77,1816.03,1449.43,2376.0
177,-87.664242,41.929522,1320.78,810.93,680.69,223.57,933.55,1599.03,1048.33,1899.6,1532.99,2459.56
178,-87.661128,41.931936,1360.53,871.03,676.27,198.28,1016.44,1548.89,998.2,1849.46,1482.86,2409.43
179,-87.665984,41.932132,1381.99,853.0,741.91,128.19,946.18,1544.0,993.31,1844.57,1477.97,2404.54
180,-87.663487,41.930579,1324.59,814.74,684.5,189.76,1007.92,1540.36,989.67,1840.93,1474.33,2400.9
181,-87.66156099999999,41.930693,1344.42,842.64,660.15,214.21,1032.37,1564.81,1014.12,1865.38,1498.78,2425.35
182,-87.659521,41.92892,1284.85,810.05,600.59,273.83,980.4,1599.99,1049.3,1900.56,1533.96,2460.53
183,-87.66318199999999,41.920983,1149.95,647.42,483.68,364.36,958.59,1370.15,1164.31,1882.12,1648.97,2442.09
184,-87.658677,41.931609,1320.82,846.02,636.56,237.76,1055.93,1538.79,988.1,1839.36,1472.76,2399.33
185,-87.665151,41.929726,1342.87,828.16,702.78,201.39,1019.38,1617.2,1066.51,1917.77,1551.17,2477.74
186,-87.658508,41.926469,1227.27,752.47,543.01,331.31,1099.9,1632.33,1081.64,1932.9,1566.3,2492.87
187,-87.665894,41.929334,1331.07,802.08,690.98,179.12,997.1,1594.92,1044.23,1895.49,1528.89,2455.46
188,-87.662176,41.927761,1289.57,779.72,616.4,257.65,1074.81,1608.26,1057.57,1908.83,1542.23,2468.8
189,-87.65937,41.927761,1295.25,820.45,610.99,320.6,1112.18,1671.21,1120.52,1971.78,1605.18,2531.75
190,-87.662273,41.930209000000005,1333.97,824.12,660.96,213.1,1031.26,1563.7,1013.01,1864.27,1497.67,2424.24
191,-87.76876800000001,41.999768,4386.6,2501.94,2960.0,2397.69,1586.14,1017.4,2094.08,1000.11,1722.9,1346.61
192,-87.74805,41.989209,4119.2,2234.54,2692.59,2130.29,1318.73,750.0,1378.58,728.36,1616.03,1184.67
193,-87.772163,42.008511,4539.9,2655.24,3113.29,2550.99,1739.43,1170.69,2247.37,1153.41,1876.2,1241.51
194,-87.769867,42.003602,4444.98,2560.32,3018.38,2456.07,1644.52,1075.78,2152.46,1058.49,1781.28,1322.43
195,-87.773492,42.006596,4538.94,2654.28,3112.34,2550.03,1738.48,1169.74,2246.42,1152.45,1875.24,1291.37
196,-87.76893100000001,41.998342,4335.8,2451.14,2909.19,2346.89,1535.34,966.6,2043.28,973.11,1695.9,1319.61
197,-87.772491,42.004671,4486.19,2601.53,3059.58,2497.28,1685.72,1116.99,2193.67,1099.7,1822.49,1363.64
198,-87.755836,41.992876,4202.71,2318.05,2776.1,2213.8,1402.24,833.51,1573.02,851.17,1573.97,1197.67
199,-87.741085,41.995392,4031.34,2352.53,2604.73,2042.43,1436.73,867.99,1417.43,516.98,1276.74,1041.25
200,-87.76407900000001,41.99835,4314.61,2429.95,2888.0,2325.7,1514.14,945.41,2022.08,908.08,1630.87,1254.58
201,-87.75471999999999,41.996008,4275.71,2391.05,2849.1,2286.8,1475.24,906.5,1646.02,811.6,1534.4,1158.1
202,-87.76965,42.000439,4399.25,2514.58,2972.64,2410.33,1598.78,1030.04,2106.72,1012.75,1735.55,1359.26
203,-87.759961,42.00002,4368.96,2484.3,2942.35,2380.05,1568.5,999.76,2076.44,816.53,1539.33,1163.04
204,-87.758636,42.001642,4403.48,2518.82,2976.88,2414.57,1603.02,1034.28,2110.96,782.01,1504.8,1128.51
205,-87.75121899999999,41.996748,4271.59,2386.93,2844.99,2282.68,1471.13,902.39,1641.9,781.66,1504.45,1128.16
206,-87.75732099999999,41.998023,4337.1,2452.44,2910.5,2348.19,1536.64,967.9,1707.41,808.72,1531.51,1155.22
207,-87.759056,42.002383,4423.75,2539.09,2997.14,2434.84,1623.28,1054.55,2131.22,778.49,1501.29,1124.99
208,-87.75895799999999,41.999497,4377.3,2492.64,2950.7,2388.39,1576.84,1008.1,1751.28,813.72,1536.51,1160.22
209,-87.75419000000001,41.998351,4364.56,2479.9,2937.95,2375.65,1564.1,995.36,1734.87,762.58,1485.37,1109.08
210,-87.767946,41.99906,4349.38,2464.72,2922.77,2360.47,1548.91,980.17,2056.85,989.04,1711.84,1335.55
211,-87.752961,41.996373,4277.03,2392.37,2850.42,2288.12,1476.56,907.83,1647.34,776.61,1499.4,1123.11
212,-87.759528,41.998824,4362.83,2478.17,2936.23,2373.92,1562.37,993.63,1736.81,828.18,1550.98,1174.69
213,-87.761981,41.995091,4302.49,2417.83,2875.88,2313.58,1502.03,933.29,2009.96,901.25,1624.04,1247.75
214,-87.770818,42.004188,4463.4,2578.75,3036.8,2474.5,1662.94,1094.2,2170.88,1076.91,1799.71,1340.85
215,-87.77494899999999,42.004629,4513.17,2628.51,3086.56,2524.26,1712.71,1143.97,2220.65,1126.68,1849.47,1390.62
216,-87.765457,41.999971,4354.67,2470.01,2928.06,2365.76,1554.2,985.47,2062.14,895.37,1618.16,1241.87
217,-87.754323,41.994736,4242.01,2357.35,2815.4,2253.1,1441.55,872.81,1612.32,811.63,1534.42,1158.13
218,-87.754616,41.990908000000005,4148.22,2263.56,2721.61,2159.31,1347.75,779.02,1518.53,905.67,1755.98,1244.51
219,-87.74974300000001,41.98493,3992.23,2107.57,2565.63,2003.32,1191.77,623.03,1335.63,722.77,1573.08,1268.59
220,-87.744387,41.994594,4022.24,2314.28,2595.63,2033.32,1398.48,829.74,1408.33,567.93,1336.86,1052.41
221,-87.766438,42.004751,4460.48,2575.81,3033.87,2471.56,1660.01,1091.27,2167.95,867.78,1590.57,1169.81
222,-87.766993,42.007571,4515.55,2630.89,3088.95,2526.64,1715.09,1146.35,2223.03,902.29,1625.09,1169.83
223,-87.756608,41.99543,4269.34,2384.68,2842.73,2280.43,1468.88,900.14,1639.65,849.96,1572.75,1196.46
224,-87.77165,42.001476,4430.55,2545.89,3003.94,2441.64,1630.08,1061.34,2138.02,1044.06,1766.85,1390.56
225,-87.74833000000001,41.990422,4149.05,2264.39,2722.45,2160.14,1348.59,779.85,1408.44,675.1,1645.89,1159.58
226,-87.76163299999999,41.999239,4356.81,2472.15,2930.21,2367.9,1556.35,987.61,2064.29,851.96,1574.75,1198.46
227,-87.762562,41.998615,4329.89,2445.23,2903.28,2340.98,1529.43,960.69,2037.37,873.41,1596.2,1219.91
228,-87.75298199999999,41.987483000000005,4198.13,2313.47,2771.52,2209.22,1397.67,828.93,1568.44,955.58,1805.89,1336.42
229,-87.771987,42.001085,4438.99,2554.33,3012.39,2450.08,1638.53,1069.79,2146.47,1052.5,1775.3,1399.0
230,-87.758289,41.99555,4279.59,2394.93,2852.98,2290.68,1479.12,910.39,1649.9,847.51,1570.31,1194.01
231,-87.774457,42.005215,4505.18,2620.52,3078.57,2516.27,1704.72,1135.98,2212.66,1118.69,1841.48,1382.63
232,-87.771632,42.005074,4494.55,2609.89,3067.94,2505.64,1694.08,1125.34,2202.02,1108.06,1830.85,1364.93
233,-87.758711,41.993566,4298.97,2414.31,2872.36,2310.06,1498.5,929.76,1669.28,887.27,1610.06,1233.77
234,-87.774182,42.007225,4549.7,2665.04,3123.09,2560.79,1749.24,1180.5,2257.18,1163.21,1886.0,1284.55
235,-87.755759,41.992183,4184.94,2300.28,2758.33,2196.03,1384.47,815.74,1555.25,868.94,1792.7,1215.44
236,-87.762782,41.99662,4296.29,2411.63,2869.68,2307.38,1495.82,927.09,2003.76,889.21,1612.0,1235.71
237,-87.761172,41.997275,4339.04,2454.38,2912.43,2350.13,1538.57,969.84,1708.71,866.19,1588.98,1212.69
238,-87.755767,41.998173,4334.07,2449.41,2907.46,2345.16,1533.6,964.86,1704.38,784.98,1507.77,1131.48
239,-87.770669,42.002647,4446.26,2561.6,3019.65,2457.35,1645.8,1077.06,2153.74,1059.77,1782.56,1327.08
240,-87.74712199999999,41.993645,4170.98,2286.32,2744.37,2182.07,1370.51,801.77,1430.36,623.69,1392.47,1108.17
241,-87.77085100000001,42.00545,4486.61,2601.95,3060.0,2497.7,1686.14,1117.41,2194.08,1100.12,1822.91,1356.99
242,-87.763163,41.999131,4322.89,2438.23,2896.29,2333.98,1522.43,953.69,2030.37,873.9,1596.7,1220.41
243,-87.762043,41.997245,4350.82,2466.16,2924.21,2361.91,1550.35,981.61,1720.49,877.97,1600.76,1224.47
244,-87.770927,42.000624,4422.01,2537.35,2995.41,2433.1,1621.55,1052.81,2129.49,1035.52,1758.31,1382.02
245,-87.753443,41.999252,4358.44,2473.78,2931.84,2369.53,1557.98,989.24,1728.75,743.33,1466.12,1089.83
246,-87.745952,41.992745,4159.2,2274.54,2732.59,2170.29,1358.73,790.0,1418.58,607.68,1376.47,1092.16
247,-87.752344,41.995399,4250.54,2365.88,2823.94,2261.63,1450.08,881.34,1620.85,803.51,1526.3,1150.01
248,-87.756431,41.993813,4278.06,2393.4,2851.45,2289.15,1477.59,908.86,1648.37,879.72,1602.51,1226.22
249,-87.758103,41.9988,4359.93,2475.27,2933.32,2371.02,1559.46,990.73,1730.24,807.32,1530.12,1153.82
